Workbook

Sheet README
A1: Secure Development — Definition of Done Checklist
A2: Derived from the SCM / ITPM security scanning reports. Use during development so these risks are closed before the pre-go-live scan.
A4: Source reports
A5: Report | B5: Scanner | C5: Date | D5: Scope
A6: SCM_ITPM_Web_Scanning_Report | B6: Qualys WAS (Qualys, Burp, Bugcrowd) | C6: 2026-07-30 | D6: Web applications RAPO-ITPM and RAPO-SCM
A7: SCM_ITPM_Infra_Scanning_Report | B7: Rapid7 InsightVM (site APsite12) | C7: 2026-07-29 | D7: Hosts 13.75.34.162 and 20.189.109.97 (Microsoft Windows)
A9: Sheet map
A10: DoD Checklist | B10: 28 checkpoints to confirm before a story is considered done. Fill in Owner and Status.
A11: Findings Register | B11: Every finding reported in the two scans, with severity, instance count and the remediation stated in the report.
A12: Severity Summary | B12: Severity distribution per web application, as reported in the scan summary.
A14: How to use
A15: 1. At sprint planning, assign an Owner to every checkpoint that the sprint's scope can affect.
A16: 2. Set Status from the dropdown (Not Started / In Progress / Done / N/A). A story is done only when no applicable checkpoint is left open.
A17: 3. Use the Findings Register to confirm a fix actually closes the matching QID before requesting a re-scan.
A19: Severity scale
A20: Qualys WAS: Level 1 (lowest) to Level 5 (highest). Rapid7 InsightVM: Moderate / Severe / Critical.
A21: Confirmed Vulnerability = proven by the scanner. Potential Vulnerability = requires manual verification. Information Gathered = observation with security relevance.
A23: Confidentiality
A24: Both source reports are marked confidential and proprietary. Handle this workbook to the same standard.

Sheet DoD Checklist
A1: No | B1: Category | C1: Checkpoint | D1: Related Finding | E1: Severity If Missed | F1: Owner | G1: Status | H1: Evidence / Notes
A2: 1 | B2: Transport & Certificates | C2: Application listens on HTTPS only; all non-HTTPS requests are redirected with 301/302 | D2: 150263 Insecure Transport | E2: Confirmed - Level 3
A3: 2 | B3: Transport & Certificates | C3: Strict-Transport-Security (HSTS) header is issued on all responses | D3: 150135 HSTS not implemented | E3: Info Gathered - Level 1
A4: 3 | B4: Transport & Certificates | C4: TLS 1.2 or above only; SSLv2, SSLv3, TLS 1.0 and TLS 1.1 disabled | D4: ssl-weak-message-authentication-code-algorithms | E4: Severe
A5: 4 | B5: Transport & Certificates | C5: Cipher suites limited to ECDHE key exchange with AEAD (GCM / CHACHA20-POLY1305); MD5, SHA1, RC4, 3DES, DES, static-RSA and NULL/EXPORT disabled | D5: ssl-static-key-ciphers; ssl-only-weak-ciphers | E5: Moderate
A6: 5 | B6: Transport & Certificates | C6: Certificate CN and SAN match the actual public hostname; custom domain with organisation-owned certificate is bound | D6: certificate-common-name-mismatch | E6: Severe (highest risk score)
A7: 6 | B7: Transport & Certificates | C7: Management and deployment ports (8172 Web Deploy, SCM, FTP) are closed externally or IP-restricted | D7: http-iis-0035; ssl-only-weak-ciphers (port 8172) | E7: Severe
A8: 7 | B8: Session & Cookies | C8: Every cookie sets Secure, HttpOnly and an explicit SameSite attribute | D8: 150120; 150121; 150122; 150123; 150277 | E8: Confirmed - Level 3
A9: 8 | B9: Session & Cookies | C9: Session ID is regenerated and the pre-login session invalidated immediately after successful authentication | D9: 150129 Insufficient Session Protection/Regeneration | E9: Confirmed - Level 2
A10: 9 | B10: Session & Cookies | C10: Session IDs generated with a CSPRNG of at least 128 bits and unique per session | D10: 150319 Weak Cookies in Use | E10: Info Gathered - Level 2
A11: 10 | B11: Session & Cookies | C11: No credentials, tokens or personal data persisted in localStorage or sessionStorage | D11: 150806 Local Storage or Session Storage Found | E11: Info Gathered - Level 1
A12: 11 | B12: Authentication & Credentials | C12: Passwords appear only in the authentication request; never reflected, echoed or reused in any other request or response | D12: 150052 Password present in HTTP traffic unrelated to the login page | E12: Potential - Level 5
A13: 12 | B13: Authentication & Credentials | C13: Passwords stored using a salted strong hash (PBKDF2 or equivalent); strong pseudo-random token used wherever a credential would travel outside authentication | D13: 150052 | E13: Potential - Level 5
... A29: 28 | B29: Dependencies & Platform | C29: Security scan run against the feature branch; no new Confirmed Vulnerability at Level 3 or above introduced | D29: All | E29: Gate

Sheet Findings Register
A1: ID | B1: Finding | C1: Source Report | D1: Severity | E1: Instances | F1: Risk Category | G1: Remediation Stated In Report
A2: 150052 | B2: Password is present in HTTP traffic unrelated to the login page | C2: Web (Qualys) | D2: Potential Vulnerability - Level 5 | E2: 1 | F2: Authentication & Credentials | G2: Transfer the password only during authentication; store hashed with salt or PBKDF2; use a strong pseudo-random token elsewhere; use HTTPS/HSTS for all authenticated traffic
A3: 150120 | B3: Session Cookie (Authentication Related) Does Not Contain The secure Attribute | C3: Web (Qualys) | D3: Confirmed Vulnerability - Level 3 | E3: 1 | F3: Session & Cookies | G3: Apply the secure attribute to session cookies and force all sensitive requests over HTTPS
A4: 150121 | B4: Session Cookie (Authentication Related) Does Not Contain The HTTPOnly Attribute | C4: Web (Qualys) | D4: Confirmed Vulnerability - Level 3 | E4: 1 | F4: Session & Cookies | G4: Apply the HTTPOnly attribute to session cookies
A5: 150150 | B5: HTML form containing password field(s) is served over HTTP | C5: Web (Qualys) | D5: Confirmed Vulnerability - Level 3 | E5: 3 | F5: Transport & Certificates | G5: Ensure HTML forms containing password fields are always served over HTTPS only (CWE-523)
A6: 150263 | B6: Insecure Transport | C6: Web (Qualys) | D6: Confirmed Vulnerability - Level 3 | E6: 1 | F6: Transport & Certificates | G6: Listen and respond only to HTTPS; otherwise redirect with 301/302; add HSTS
A7: 150602 | B7: Credit Card Number Pattern Identified In HTML | C7: Web (Qualys) | D7: Potential Vulnerability - Level 3 | E7: 24 | F7: Data Protection | G7: Review the content to determine whether it could be masked or removed
A8: 150004 | B8: Predictable Resource Location Via Forced Browsing | C8: Web (Qualys) | D8: Confirmed Vulnerability - Level 2 | E8: 3 | F8: Data Protection | G8: Review the disclosed files; remove them or apply access controls
A9: 150112 | B9: Sensitive form field has not disabled autocomplete | C9: Web (Qualys) | D9: Confirmed Vulnerability - Level 2 | E9: 2 | F9: Authentication & Credentials | G9: Add autocomplete=off to the form or input element; enforce strong password rules in the application
A10: 150122 | B10: Cookie Does Not Contain The secure Attribute | C10: Web (Qualys) | D10: Confirmed Vulnerability - Level 2 | E10: 2 | F10: Session & Cookies | G10: Apply the secure attribute to cookies and force all sensitive requests over HTTPS
A11: 150123 | B11: Cookie Does Not Contain The HTTPOnly Attribute | C11: Web (Qualys) | D11: Confirmed Vulnerability - Level 2 | E11: 2 | F11: Session & Cookies | G11: Apply the HTTPOnly attribute to cookies
A12: 150129 | B12: Insufficient Session Protection/Regeneration | C12: Web (Qualys) | D12: Confirmed Vulnerability - Level 2 | E12: 1 | F12: Session & Cookies | G12: Invalidate the session after successful authentication and regenerate the session ID value
A13: 150084 | B13: Unencoded characters (CWE-79, OWASP A05:2025 Injection, WASC-22) | C13: Web (Qualys) | D13: Potential Vulnerability - Level 1 | E13: 4 | F13: Injection & Output Encoding | G13: Apply HTML encoding or percent encoding depending on where the value is placed in the HTML
... A39: ssl-only-weak-ciphers | B39: TLS/SSL Server Does Not Support Any Strong Cipher Algorithms | C39: Infra (Rapid7) | D39: Moderate | E39: 2 | F39: Transport & Certificates | G39: Enable at least one strong AEAD cipher suite (ECDHE/DHE with AES-GCM)

Sheet Severity Summary
A1: Web application severity distribution (Qualys WAS, 30 Jul 2026)
A2: Web Application | B2: Level 5 | C2: Level 4 | D2: Level 3 | E2: Level 2 | F2: Level 1 | G2: Total Vulnerabilities | H2: Information Gathered
A3: RAPO-ITPM | B3: 0 | C3: 0 | D3: 26 | E3: 7 | F3: 1 | G3: =SUM(B3:F3) | H3: 52
A4: RAPO-SCM | B4: 1 | C4: 0 | D4: 4 | E4: 3 | F4: 3 | G4: =SUM(B4:F4) | H4: 54
A5: Total | B5: =SUM(B3:B4) | C5: =SUM(C3:C4) | D5: =SUM(D3:D4) | E5: =SUM(E3:E4) | F5: =SUM(F3:F4) | G5: =SUM(G3:G4) | H5: =SUM(H3:H4)
A7: Findings by risk category (from the Findings Register)
A8: Risk Category | B8: Finding Types | C8: Total Instances
A9: Transport & Certificates | B9: =COUNTIF('Findings Register'!$F$2:$F$39,$A9) | C9: =SUMIF('Findings Register'!$F$2:$F$39,$A9,'Findings Register'!$E$2:$E$39)
A10: Session & Cookies | B10: =COUNTIF('Findings Register'!$F$2:$F$39,$A10) | C10: =SUMIF('Findings Register'!$F$2:$F$39,$A10,'Findings Register'!$E$2:$E$39)
A11: Authentication & Credentials | B11: =COUNTIF('Findings Register'!$F$2:$F$39,$A11) | C11: =SUMIF('Findings Register'!$F$2:$F$39,$A11,'Findings Register'!$E$2:$E$39)
A12: Data Protection | B12: =COUNTIF('Findings Register'!$F$2:$F$39,$A12) | C12: =SUMIF('Findings Register'!$F$2:$F$39,$A12,'Findings Register'!$E$2:$E$39)
A13: Security Headers | B13: =COUNTIF('Findings Register'!$F$2:$F$39,$A13) | C13: =SUMIF('Findings Register'!$F$2:$F$39,$A13,'Findings Register'!$E$2:$E$39)
A14: Injection & Output Encoding | B14: =COUNTIF('Findings Register'!$F$2:$F$39,$A14) | C14: =SUMIF('Findings Register'!$F$2:$F$39,$A14,'Findings Register'!$E$2:$E$39)
A15: Dependencies & Platform | B15: =COUNTIF('Findings Register'!$F$2:$F$39,$A15) | C15: =SUMIF('Findings Register'!$F$2:$F$39,$A15,'Findings Register'!$E$2:$E$39)
A16: Attack Surface | B16: =COUNTIF('Findings Register'!$F$2:$F$39,$A16) | C16: =SUMIF('Findings Register'!$F$2:$F$39,$A16,'Findings Register'!$E$2:$E$39)
A17: Error Handling | B17: =COUNTIF('Findings Register'!$F$2:$F$39,$A17) | C17: =SUMIF('Findings Register'!$F$2:$F$39,$A17,'Findings Register'!$E$2:$E$39)
A18: Total | B18: =SUM(B9:B17) | C18: =SUM(C9:C17)
A20: Infrastructure scan (Rapid7 InsightVM, 29 Jul 2026): no critical vulnerabilities reported; 3 severe and 2 moderate types, 10 instances, all in the Network category.
A21: Highest-risk infrastructure finding: certificate-common-name-mismatch, risk score 3,179. Each host carries a risk score of 2,186.
